Value1,Value2,Value3,Value4,Value5,Value6,Value7,Time,Side1,Side2,Side3,Side4,Side5,Side6,Side7
32.10,36.85,49.65,40.02,50.62,28.90,14.10,30.06.2023 16:50,return,return,return,supply,supply,return,supply
50.27,28.95,14.20,32.00,38.20,49.10,39.70,30.06.2023 17:05,supply,return,supply,return,return,return,supply
31.77,39.02,49.05,39.95,49.10,28.92,14.27,30.06.2023 17:20,return,return,return,supply,supply,return,supply
14.30,31.55,39.40,50.20,39.82,52.85,28.90,30.06.2023 17:35,supply,return,return,return,supply,supply,return
39.47,50.37,39.80,52.50,28.92,14.40,31.47,30.06.2023 17:50,return,return,supply,supply,return,supply,return
31.40,39.42,51.20,39.80,51.92,28.92,14.42,30.06.2023 18:05,return,return,return,supply,supply,return,supply
51.50,28.95,14.50,31.30,39.37,50.40,40.00,30.06.2023 18:20,supply,return,supply,return,return,return,supply
31.25,39.27,49.77,40.05,49.45,28.92,14.55,30.06.2023 18:35,return,return,return,supply,supply,return,supply
14.55,31.27,39.27,47.20,40.05,47.17,28.90,30.06.2023 18:50,supply,return,return,return,supply,supply,return
39.27,45.22,39.97,45.15,28.90,14.60,31.27,30.06.2023 19:05,return,return,supply,supply,return,supply,return
31.25,39.60,43.97,39.85,44.00,28.87,14.60,30.06.2023 19:20,return,return,return,supply,supply,return,supply
40.10,42.55,28.80,14.60,31.30,39.75,42.82,30.06.2023 19:35,supply,supply,return,supply,return,return,return
31.42,39.75,41.22,40.05,40.55,28.77,14.62,30.06.2023 19:50,return,return,return,supply,supply,return,supply
14.65,31.67,39.70,39.67,40.00,39.67,28.72,30.06.2023 20:05,supply,return,return,return,supply,supply,return
39.62,38.77,40.00,38.42,28.67,14.65,31.87,30.06.2023 20:20,return,return,supply,supply,return,supply,return
32.05,39.57,36.85,39.97,35.90,28.62,14.62,30.06.2023 20:35,return,return,return,supply,supply,return,supply
35.20,39.97,34.80,28.57,14.60,32.25,39.47,30.06.2023 20:50,return,supply,supply,return,supply,return,return
32.50,39.40,34.15,39.95,33.55,28.52,14.60,30.06.2023 21:05,return,return,return,supply,supply,return,supply
28.47,14.57,32.75,38.20,33.92,39.97,34.40,30.06.2023 21:20,return,supply,return,return,return,supply,supply
38.20,34.77,39.97,35.00,28.40,14.55,32.75,30.06.2023 21:35,return,return,supply,supply,return,supply,return
33.20,36.95,34.80,40.20,34.75,28.32,14.50,30.06.2023 21:50,return,return,return,supply,supply,return,supply
34.27,40.05,34.10,28.25,14.45,33.32,36.35,30.06.2023 22:05,return,supply,supply,return,supply,return,return
33.22,35.85,33.77,40.15,33.60,28.15,14.40,30.06.2023 22:20,return,return,return,supply,supply,return,supply
28.02,14.35,33.10,35.32,33.27,40.15,33.02,30.06.2023 22:35,return,supply,return,return,return,supply,supply
34.90,32.87,40.17,32.67,27.97,14.30,33.02,30.06.2023 22:50,return,return,supply,supply,return,supply,return
32.95,34.27,32.50,34.50,32.35,27.92,14.30,30.06.2023 23:05,return,return,return,supply,supply,return,supply
32.12,34.72,32.00,27.90,14.27,32.85,34.15,30.06.2023 23:20,return,supply,supply,return,supply,return,return
32.75,33.90,31.87,34.90,31.75,27.85,14.20,30.06.2023 23:35,return,return,return,supply,supply,return,supply
31.55,27.80,14.17,32.62,33.62,31.65,34.80,30.06.2023 23:50,supply,return,supply,return,return,return,supply
32.50,33.37,31.40,34.62,31.30,27.72,14.12,01.07.2023 00:05,return,return,return,supply,supply,return,supply
14.10,32.40,33.12,31.22,34.45,31.10,27.70,01.07.2023 00:20,supply,return,return,return,supply,supply,return
32.90,31.02,34.25,30.90,27.60,14.07,32.30,01.07.2023 00:35,return,return,supply,supply,return,supply,return
32.20,32.67,30.87,34.07,30.72,27.60,14.05,01.07.2023 00:50,return,return,return,supply,supply,return,supply
30.57,27.55,14.00,32.10,32.42,30.70,33.87,01.07.2023 01:05,supply,return,supply,return,return,return,supply
32.00,32.20,30.52,33.70,30.40,27.50,13.97,01.07.2023 01:20,return,return,return,supply,supply,return,supply
13.92,31.90,32.00,30.37,33.50,30.25,27.45,01.07.2023 01:35,supply,return,return,return,supply,supply,return
31.80,30.30,33.37,30.10,27.42,13.90,31.80,01.07.2023 01:50,return,return,supply,supply,return,supply,return
31.70,31.60,30.17,33.20,30.02,27.40,13.90,01.07.2023 02:05,return,return,return,supply,supply,return,supply
29.87,27.35,13.85,31.60,31.40,30.02,33.05,01.07.2023 02:20,supply,return,supply,return,return,return,supply
31.52,31.20,29.90,32.90,29.75,27.30,13.82,01.07.2023 02:35,return,return,return,supply,supply,return,supply
13.80,31.42,31.05,29.72,32.77,29.60,27.27,01.07.2023 02:50,supply,return,return,return,supply,supply,return
30.80,29.30,32.67,28.92,27.20,13.77,31.35,01.07.2023 03:05,return,return,supply,supply,return,supply,return
31.27,30.50,28.60,32.55,28.27,27.12,13.67,01.07.2023 03:20,return,return,return,supply,supply,return,supply
32.45,27.90,27.07,13.60,31.17,30.20,28.15,01.07.2023 03:35,supply,supply,return,supply,return,return,return
31.10,29.90,27.87,32.35,27.67,27.00,13.52,01.07.2023 03:50,return,return,return,supply,supply,return,supply
13.47,31.00,29.60,27.70,32.25,27.50,26.92,01.07.2023 04:05,supply,return,return,return,supply,supply,return
29.37,27.55,32.15,27.35,26.85,13.40,30.92,01.07.2023 04:20,return,return,supply,supply,return,supply,return
30.82,29.10,27.37,32.02,27.17,26.80,13.32,01.07.2023 04:35,return,return,return,supply,supply,return,supply
27.22,31.97,27.07,26.72,13.27,30.75,28.90,01.07.2023 04:50,return,supply,supply,return,supply,return,return
30.67,28.67,27.12,31.90,26.95,26.67,13.20,01.07.2023 05:05,return,return,return,supply,supply,return,supply
26.60,13.12,30.60,28.45,27.00,31.80,26.80,01.07.2023 05:20,return,supply,return,return,return,supply,supply
28.25,26.90,31.70,26.72,26.52,13.05,30.50,01.07.2023 05:35,return,return,supply,supply,return,supply,return
30.45,28.07,26.85,31.60,26.65,26.47,13.00,01.07.2023 05:50,return,return,return,supply,supply,return,supply
26.80,31.52,26.60,26.42,12.95,30.40,27.90,01.07.2023 06:05,return,supply,supply,return,supply,return,return
30.30,27.75,26.75,31.45,26.60,26.40,12.90,01.07.2023 06:20,return,return,return,supply,supply,return,supply
26.35,12.87,30.20,27.62,26.70,31.37,26.55,01.07.2023 06:35,return,supply,return,return,return,supply,supply
27.52,26.70,31.30,26.57,26.30,12.80,30.12,01.07.2023 06:50,return,return,supply,supply,return,supply,return
30.07,27.42,26.72,31.20,26.57,26.25,12.77,01.07.2023 07:05,return,return,return,supply,supply,return,supply
26.72,31.10,26.60,26.20,12.75,30.00,27.32,01.07.2023 07:20,return,supply,supply,return,supply,return,return
29.92,27.25,26.72,31.02,26.57,26.17,12.70,01.07.2023 07:35,return,return,return,supply,supply,return,supply
26.37,26.10,12.60,29.87,27.12,26.60,30.97,01.07.2023 07:50,supply,return,supply,return,return,return,supply
29.80,27.02,26.52,30.90,26.35,26.00,12.55,01.07.2023 08:05,return,return,return,supply,supply,return,supply
12.50,29.72,26.90,26.57,30.80,26.40,25.92,01.07.2023 08:20,supply,return,return,return,supply,supply,return
26.82,26.62,30.72,26.47,25.87,12.40,29.65,01.07.2023 08:35,return,return,supply,supply,return,supply,return
29.60,26.75,26.75,30.62,26.70,25.82,12.35,01.07.2023 08:50,return,return,return,supply,supply,return,supply
26.70,25.82,12.35,30.22,26.70,26.75,35.12,01.07.2023 09:05,supply,return,supply,return,return,return,supply
30.20,26.70,27.42,36.70,27.40,25.75,12.27,01.07.2023 09:20,return,return,return,supply,supply,return,supply
12.22,29.82,26.75,27.65,36.55,27.65,25.70,01.07.2023 09:35,supply,return,return,return,supply,supply,return
26.85,27.80,36.25,27.85,25.62,12.17,29.32,01.07.2023 09:50,return,return,supply,supply,return,supply,return
28.90,26.95,28.12,35.92,28.07,25.55,12.10,01.07.2023 10:05,return,return,return,supply,supply,return,supply
28.75,25.50,12.05,28.75,27.00,28.35,35.60,01.07.2023 10:20,supply,return,supply,return,return,return,supply
28.60,27.07,29.55,35.27,30.37,25.47,12.05,01.07.2023 10:35,return,return,return,supply,supply,return,supply
12.05,28.55,27.22,30.87,34.85,31.60,25.47,01.07.2023 10:50,supply,return,return,return,supply,supply,return
27.40,32.27,34.42,33.10,25.52,12.10,28.50,01.07.2023 11:05,return,return,supply,supply,return,supply,return
28.50,27.65,33.50,34.20,33.97,25.60,12.15,01.07.2023 11:20,return,return,return,supply,supply,return,supply
37.02,34.50,25.85,12.25,28.60,27.80,34.27,01.07.2023 11:35,supply,supply,return,supply,return,return,return
28.75,28.05,35.20,37.20,35.80,26.10,12.37,01.07.2023 11:50,return,return,return,supply,supply,return,supply
12.45,28.92,28.50,35.70,37.10,36.50,26.40,01.07.2023 12:05,supply,return,return,return,supply,supply,return
29.00,37.32,37.10,38.37,26.75,12.60,29.05,01.07.2023 12:20,return,return,supply,supply,return,supply,return
29.20,29.50,38.65,37.02,39.65,27.07,12.70,01.07.2023 12:35,return,return,return,supply,supply,return,supply
39.87,36.40,41.12,27.40,12.82,29.40,30.00,01.07.2023 12:50,return,supply,supply,return,supply,return,return
29.60,30.50,41.00,33.70,42.10,27.60,12.92,01.07.2023 13:05,return,return,return,supply,supply,return,supply
27.92,13.07,29.80,31.10,41.90,33.75,43.25,01.07.2023 13:20,return,supply,return,return,return,supply,supply
31.70,43.00,34.50,44.50,28.22,13.20,30.00,01.07.2023 13:35,return,return,supply,supply,return,supply,return
30.25,32.35,44.05,35.37,45.55,28.47,13.35,01.07.2023 13:50,return,return,return,supply,supply,return,supply
45.00,36.22,46.60,28.60,13.45,30.52,33.00,01.07.2023 14:05,return,supply,supply,return,supply,return,return
30.77,33.60,45.82,37.00,47.42,28.70,13.52,01.07.2023 14:20,return,return,return,supply,supply,return,supply
28.77,13.60,30.97,34.30,46.62,37.60,48.20,01.07.2023 14:35,return,supply,return,return,return,supply,supply
35.02,47.50,38.30,49.25,28.87,13.70,31.02,01.07.2023 14:50,return,return,supply,supply,return,supply,return
31.00,35.80,48.30,39.07,49.92,28.97,13.80,01.07.2023 15:05,return,return,return,supply,supply,return,supply
48.97,39.80,50.60,29.10,13.90,30.92,36.50,01.07.2023 15:20,return,supply,supply,return,supply,return,return
30.75,37.22,49.70,40.52,51.50,29.15,14.00,01.07.2023 15:35,return,return,return,supply,supply,return,supply
52.20,29.20,14.10,30.62,37.97,50.55,40.20,01.07.2023 15:50,supply,return,supply,return,return,return,supply
30.60,38.80,50.92,39.62,53.65,29.30,14.20,01.07.2023 16:05,return,return,return,supply,supply,return,supply
14.27,30.70,39.40,53.90,39.87,57.72,29.40,01.07.2023 16:20,supply,return,return,return,supply,supply,return
39.67,56.67,39.75,60.12,29.40,14.37,30.90,01.07.2023 16:35,return,return,supply,supply,return,supply,return
31.07,39.67,58.40,39.87,61.50,29.50,14.45,01.07.2023 16:50,return,return,return,supply,supply,return,supply
61.92,29.52,14.55,31.17,39.60,59.25,39.80,01.07.2023 17:05,supply,return,supply,return,return,return,supply
31.17,39.52,59.50,39.80,61.82,29.55,14.62,01.07.2023 17:20,return,return,return,supply,supply,return,supply
14.72,31.07,39.40,59.22,39.80,61.07,29.57,01.07.2023 17:35,supply,return,return,return,supply,supply,return
39.35,58.45,39.80,60.00,29.55,14.80,30.90,01.07.2023 17:50,return,return,supply,supply,return,supply,return
30.72,39.27,57.47,40.00,57.22,29.55,14.87,01.07.2023 18:05,return,return,return,supply,supply,return,supply
52.10,29.60,14.90,30.55,39.25,53.30,40.25,01.07.2023 18:20,supply,return,supply,return,return,return,supply
30.35,39.25,49.75,39.90,49.15,29.60,15.00,01.07.2023 18:35,return,return,return,supply,supply,return,supply
15.02,30.17,39.37,47.70,39.77,48.52,29.57,01.07.2023 18:50,supply,return,return,return,supply,supply,return
40.15,47.35,39.92,47.90,29.50,15.02,30.10,01.07.2023 19:05,return,return,supply,supply,return,supply,return
30.27,40.40,46.40,40.17,46.60,29.42,15.05,01.07.2023 19:20,return,return,return,supply,supply,return,supply
40.17,45.00,29.32,15.07,30.67,40.40,44.95,01.07.2023 19:35,supply,supply,return,supply,return,return,return
31.12,40.40,43.55,40.22,43.40,29.30,15.07,01.07.2023 19:50,return,return,return,supply,supply,return,supply
15.05,31.60,40.30,42.10,39.95,41.60,29.17,01.07.2023 20:05,supply,return,return,return,supply,supply,return
40.27,40.42,40.07,39.82,29.05,15.02,32.10,01.07.2023 20:20,return,return,supply,supply,return,supply,return
32.60,40.20,38.75,40.12,38.00,28.92,15.00,01.07.2023 20:35,return,return,return,supply,supply,return,supply
37.00,40.20,36.07,28.85,14.95,33.00,40.17,01.07.2023 20:50,return,supply,supply,return,supply,return,return
33.22,40.12,35.30,39.97,34.40,28.80,14.95,01.07.2023 21:05,return,return,return,supply,supply,return,supply
28.70,14.90,33.25,40.07,33.82,39.95,32.95,01.07.2023 21:20,return,supply,return,return,return,supply,supply
40.05,32.65,39.75,31.82,28.65,14.87,33.17,01.07.2023 21:35,return,return,supply,supply,return,supply,return
33.17,39.92,31.65,40.20,30.95,28.60,14.85,01.07.2023 21:50,return,return,return,supply,supply,return,supply
30.82,39.90,30.20,28.52,14.80,33.27,39.90,01.07.2023 22:05,return,supply,supply,return,supply,return,return
33.27,39.80,30.15,39.90,29.50,28.45,14.75,01.07.2023 22:20,return,return,return,supply,supply,return,supply
28.40,14.70,33.17,39.75,29.50,39.87,28.87,01.07.2023 22:35,return,supply,return,return,return,supply,supply
39.70,28.97,39.85,28.45,28.35,14.67,33.02,01.07.2023 22:50,return,return,supply,supply,return,supply,return
32.90,39.32,28.60,34.92,28.12,28.32,14.65,01.07.2023 23:05,return,return,return,supply,supply,return,supply
28.30,35.90,27.92,28.30,14.60,32.82,39.65,01.07.2023 23:20,return,supply,supply,return,supply,return,return
32.70,38.05,28.15,35.85,29.25,28.25,14.60,01.07.2023 23:35,return,return,return,supply,supply,return,supply
32.25,28.17,14.55,32.60,37.15,30.90,35.70,01.07.2023 23:50,supply,return,supply,return,return,return,supply
32.50,36.50,32.40,35.50,32.97,28.12,14.50,02.07.2023 00:05,return,return,return,supply,supply,return,supply
14.47,32.40,35.92,32.77,35.30,33.00,28.07,02.07.2023 00:20,supply,return,return,return,supply,supply,return
35.45,32.80,35.05,32.85,28.05,14.42,32.30,02.07.2023 00:35,return,return,supply,supply,return,supply,return
32.20,35.00,32.62,34.85,32.60,28.00,14.40,02.07.2023 00:50,return,return,return,supply,supply,return,supply
32.30,27.97,14.35,32.10,34.60,32.42,34.62,02.07.2023 01:05,supply,return,supply,return,return,return,supply
32.00,34.22,32.10,34.42,31.92,27.92,14.30,02.07.2023 01:20,return,return,return,supply,supply,return,supply
14.30,31.90,33.85,31.80,34.22,31.70,27.90,02.07.2023 01:35,supply,return,return,return,supply,supply,return
33.50,31.60,34.05,31.45,27.87,14.27,31.80,02.07.2023 01:50,return,return,supply,supply,return,supply,return
31.70,33.22,31.37,33.90,31.27,27.82,14.25,02.07.2023 02:05,return,return,return,supply,supply,return,supply
31.05,27.80,14.20,31.60,32.95,31.17,33.72,02.07.2023 02:20,supply,return,supply,return,return,return,supply
31.50,32.72,31.00,33.57,30.85,27.72,14.17,02.07.2023 02:35,return,return,return,supply,supply,return,supply
14.12,31.40,32.50,30.82,33.40,30.70,27.70,02.07.2023 02:50,supply,return,return,return,supply,supply,return
32.27,30.65,33.27,30.50,27.67,14.10,31.32,02.07.2023 03:05,return,return,supply,supply,return,supply,return
31.25,32.05,30.45,33.15,30.30,27.62,14.05,02.07.2023 03:20,return,return,return,supply,supply,return,supply
33.00,30.15,27.57,14.00,31.15,31.87,30.27,02.07.2023 03:35,supply,supply,return,supply,return,return,return
31.05,31.65,30.10,32.90,29.97,27.55,13.97,02.07.2023 03:50,return,return,return,supply,supply,return,supply
13.92,31.00,31.45,29.92,32.75,29.80,27.50,02.07.2023 04:05,supply,return,return,return,supply,supply,return
31.27,29.77,32.65,29.65,27.45,13.90,30.90,02.07.2023 04:20,return,return,supply,supply,return,supply,return
30.82,31.07,29.65,32.52,29.55,27.40,13.87,02.07.2023 04:35,return,return,return,supply,supply,return,supply
29.52,32.42,29.40,27.37,13.82,30.75,30.90,02.07.2023 04:50,return,supply,supply,return,supply,return,return
30.67,30.72,29.40,32.30,29.30,27.32,13.77,02.07.2023 05:05,return,return,return,supply,supply,return,supply
27.30,13.72,30.60,30.57,29.25,32.22,29.15,02.07.2023 05:20,return,supply,return,return,return,supply,supply
30.40,29.17,32.12,29.05,27.27,13.70,30.50,02.07.2023 05:35,return,return,supply,supply,return,supply,return
30.45,30.25,29.05,32.05,28.92,27.20,13.67,02.07.2023 05:50,return,return,return,supply,supply,return,supply
28.95,31.92,28.77,27.17,13.60,30.37,30.10,02.07.2023 06:05,return,supply,supply,return,supply,return,return
30.30,29.92,28.80,31.85,28.67,27.10,13.60,02.07.2023 06:20,return,return,return,supply,supply,return,supply
27.10,13.52,30.22,29.80,28.70,31.80,28.55,02.07.2023 06:35,return,supply,return,return,return,supply,supply
29.65,28.55,31.70,28.37,27.02,13.50,30.15,02.07.2023 06:50,return,return,supply,supply,return,supply,return
30.10,29.47,28.37,31.60,28.20,26.95,13.45,02.07.2023 07:05,return,return,return,supply,supply,return,supply
28.20,31.55,28.00,26.90,13.40,30.02,29.30,02.07.2023 07:20,return,supply,supply,return,supply,return,return
29.95,29.12,28.05,31.47,27.87,26.85,13.37,02.07.2023 07:35,return,return,return,supply,supply,return,supply
27.85,26.80,13.32,29.90,29.00,27.95,31.40,02.07.2023 07:50,supply,return,supply,return,return,return,supply
29.82,28.87,28.00,31.35,27.95,26.77,13.27,02.07.2023 08:05,return,return,return,supply,supply,return,supply
13.25,29.75,28.72,28.07,31.25,28.10,26.70,02.07.2023 08:20,supply,return,return,return,supply,supply,return
28.62,28.17,31.17,28.22,26.65,13.17,29.70,02.07.2023 08:35,return,return,supply,supply,return,supply,return
29.65,28.60,28.40,31.12,28.52,26.60,13.12,02.07.2023 08:50,return,return,return,supply,supply,return,supply
28.82,26.55,13.10,30.22,28.52,28.65,36.75,02.07.2023 09:05,supply,return,supply,return,return,return,supply
30.10,28.52,28.92,38.35,29.17,26.50,13.05,02.07.2023 09:20,return,return,return,supply,supply,return,supply
13.05,29.72,28.57,29.30,38.20,29.50,26.50,02.07.2023 09:35,supply,return,return,return,supply,supply,return
28.62,29.75,37.97,30.20,26.57,13.05,29.40,02.07.2023 09:50,return,return,supply,supply,return,supply,return
29.05,28.77,30.40,37.70,30.95,26.70,13.10,02.07.2023 10:05,return,return,return,supply,supply,return,supply
31.67,26.85,13.12,28.70,28.95,31.00,38.00,02.07.2023 10:20,supply,return,supply,return,return,return,supply
28.47,29.00,31.65,38.70,32.57,27.02,13.20,02.07.2023 10:35,return,return,return,supply,supply,return,supply
13.27,28.37,29.10,32.67,38.60,33.45,27.25,02.07.2023 10:50,supply,return,return,return,supply,supply,return
29.25,33.60,38.50,34.32,27.50,13.40,28.32,02.07.2023 11:05,return,return,supply,supply,return,supply,return
28.40,29.50,34.62,38.30,35.30,27.80,13.50,02.07.2023 11:20,return,return,return,supply,supply,return,supply
38.10,36.62,28.10,13.60,28.60,29.80,35.87,02.07.2023 11:35,supply,supply,return,supply,return,return,return
28.90,30.12,37.17,37.85,38.10,28.40,13.70,02.07.2023 11:50,return,return,return,supply,supply,return,supply
13.82,29.12,30.50,38.30,37.97,39.20,28.77,02.07.2023 12:05,supply,return,return,return,supply,supply,return
30.90,39.12,38.37,40.10,29.02,13.95,29.37,02.07.2023 12:20,return,return,supply,supply,return,supply,return
29.65,31.40,39.75,37.60,40.90,29.22,14.05,02.07.2023 12:35,return,return,return,supply,supply,return,supply
40.50,35.00,42.20,29.40,14.12,29.90,32.00,02.07.2023 12:50,return,supply,supply,return,supply,return,return
30.12,32.65,41.40,34.95,43.20,29.52,14.22,02.07.2023 13:05,return,return,return,supply,supply,return,supply
29.65,14.30,30.35,33.30,42.27,35.55,44.32,02.07.2023 13:20,return,supply,return,return,return,supply,supply
33.82,43.37,36.27,45.80,29.80,14.37,30.65,02.07.2023 13:35,return,return,supply,supply,return,supply,return
31.05,34.27,44.50,37.02,46.92,29.90,14.45,02.07.2023 13:50,return,return,return,supply,supply,return,supply
45.50,37.72,47.67,30.02,14.52,31.50,34.77,02.07.2023 14:05,return,supply,supply,return,supply,return,return
31.85,35.32,46.15,38.40,48.50,30.10,14.60,02.07.2023 14:20,return,return,return,supply,supply,return,supply
30.22,14.70,32.07,36.00,47.00,39.02,49.57,02.07.2023 14:35,return,supply,return,return,return,supply,supply
36.67,47.90,39.70,50.82,30.40,14.80,32.17,02.07.2023 14:50,return,return,supply,supply,return,supply,return
32.20,37.47,49.60,40.22,53.07,30.52,14.95,02.07.2023 15:05,return,return,return,supply,supply,return,supply
50.70,40.27,51.80,30.60,15.05,32.20,38.00,02.07.2023 15:20,return,supply,supply,return,supply,return,return
32.17,38.60,49.80,39.85,52.35,30.60,15.12,02.07.2023 15:35,return,return,return,supply,supply,return,supply
53.60,30.60,15.20,32.05,39.35,49.97,39.82,02.07.2023 15:50,supply,return,supply,return,return,return,supply
31.87,39.85,51.90,39.75,57.30,30.60,15.27,02.07.2023 16:05,return,return,return,supply,supply,return,supply
15.37,31.85,40.02,54.42,39.82,59.60,30.60,02.07.2023 16:20,supply,return,return,return,supply,supply,return
40.07,55.57,39.85,59.25,30.60,15.47,32.10,02.07.2023 16:35,return,return,supply,supply,return,supply,return
32.30,40.00,56.25,40.10,61.07,30.60,15.50,02.07.2023 16:50,return,return,return,supply,supply,return,supply
61.00,30.62,15.57,32.30,39.97,57.40,40.10,02.07.2023 17:05,supply,return,supply,return,return,return,supply
32.10,39.90,57.20,40.10,60.30,30.60,15.65,02.07.2023 17:20,return,return,return,supply,supply,return,supply
15.67,31.77,39.80,56.60,40.05,58.82,30.57,02.07.2023 17:35,supply,return,return,return,supply,supply,return
39.72,55.57,39.87,57.60,30.52,15.70,31.57,02.07.2023 17:50,return,return,supply,supply,return,supply,return
31.42,39.62,54.57,39.75,56.90,30.50,15.77,02.07.2023 18:05,return,return,return,supply,supply,return,supply
55.35,30.52,15.80,31.40,39.55,53.67,40.00,02.07.2023 18:20,supply,return,supply,return,return,return,supply
31.40,39.45,52.65,39.97,54.45,30.55,15.80,02.07.2023 18:35,return,return,return,supply,supply,return,supply
15.85,31.57,39.35,51.55,39.92,52.02,30.57,02.07.2023 18:50,supply,return,return,return,supply,supply,return
39.32,50.30,40.15,50.30,30.57,15.87,31.92,02.07.2023 19:05,return,return,supply,supply,return,supply,return
32.20,39.30,47.42,39.80,45.92,30.57,15.90,02.07.2023 19:20,return,return,return,supply,supply,return,supply
39.87,43.57,30.57,15.90,32.40,39.32,44.57,02.07.2023 19:35,supply,supply,return,supply,return,return,return
32.67,39.67,42.72,39.75,42.30,30.55,15.92,02.07.2023 19:50,return,return,return,supply,supply,return,supply
15.90,32.92,39.85,41.20,40.02,40.70,30.50,02.07.2023 20:05,supply,return,return,return,supply,supply,return
39.85,39.70,39.90,38.97,30.40,15.87,33.07,02.07.2023 20:20,return,return,supply,supply,return,supply,return
33.05,39.80,38.10,40.00,37.17,30.30,15.85,02.07.2023 20:35,return,return,return,supply,supply,return,supply
36.50,40.02,35.45,30.25,15.85,33.00,39.75,02.07.2023 20:50,return,supply,supply,return,supply,return,return
32.97,39.67,35.00,40.00,33.87,30.17,15.80,02.07.2023 21:05,return,return,return,supply,supply,return,supply
30.10,15.80,33.00,39.60,33.55,40.00,32.50,02.07.2023 21:20,return,supply,return,return,return,supply,supply
39.50,32.30,40.00,31.32,30.00,15.77,33.12,02.07.2023 21:35,return,return,supply,supply,return,supply,return
33.35,38.97,31.27,40.07,30.32,29.90,15.70,02.07.2023 21:50,return,return,return,supply,supply,return,supply
30.80,40.40,32.35,29.80,15.65,33.50,37.70,02.07.2023 22:05,return,supply,supply,return,supply,return,return
33.50,36.90,32.30,40.10,33.20,29.72,15.60,02.07.2023 22:20,return,return,return,supply,supply,return,supply
29.65,15.55,33.55,36.27,32.80,40.25,33.15,02.07.2023 22:35,return,supply,return,return,return,supply,supply
35.70,32.75,40.20,32.87,29.60,15.50,33.55,02.07.2023 22:50,return,return,supply,supply,return,supply,return
33.45,34.90,32.50,35.17,32.50,29.57,15.47,02.07.2023 23:05,return,return,return,supply,supply,return,supply
32.20,35.30,32.12,29.52,15.40,33.35,34.70,02.07.2023 23:20,return,supply,supply,return,supply,return,return
33.22,34.35,31.92,35.40,31.90,29.50,15.40,02.07.2023 23:35,return,return,return,supply,supply,return,supply
31.60,29.42,15.35,33.10,33.97,31.67,35.30,02.07.2023 23:50,supply,return,supply,return,return,return,supply
33.00,33.65,31.40,35.10,31.40,29.37,15.32,03.07.2023 00:05,return,return,return,supply,supply,return,supply
15.30,32.87,33.40,31.20,34.90,31.20,29.37,03.07.2023 00:20,supply,return,return,return,supply,supply,return
33.12,31.05,34.70,31.00,29.30,15.25,32.75,03.07.2023 00:35,return,return,supply,supply,return,supply,return
32.65,32.90,30.87,34.47,30.87,29.27,15.25,03.07.2023 00:50,return,return,return,supply,supply,return,supply
30.70,29.22,15.20,32.50,32.67,30.75,34.27,03.07.2023 01:05,supply,return,supply,return,return,return,supply
32.40,32.45,30.55,34.10,30.52,29.20,15.17,03.07.2023 01:20,return,return,return,supply,supply,return,supply
15.15,32.30,32.22,30.40,33.90,30.40,29.15,03.07.2023 01:35,supply,return,return,return,supply,supply,return
32.02,30.30,33.72,30.25,29.10,15.10,32.20,03.07.2023 01:50,return,return,supply,supply,return,supply,return
32.10,31.80,30.17,33.60,30.15,29.05,15.05,03.07.2023 02:05,return,return,return,supply,supply,return,supply
30.02,29.02,15.02,32.00,31.62,30.07,33.40,03.07.2023 02:20,supply,return,supply,return,return,return,supply
31.90,31.45,29.97,33.30,29.95,28.97,15.00,03.07.2023 02:35,return,return,return,supply,supply,return,supply
14.97,31.80,31.27,29.90,33.12,29.80,28.92,03.07.2023 02:50,supply,return,return,return,supply,supply,return
31.10,29.72,33.00,29.67,28.90,14.92,31.70,03.07.2023 03:05,return,return,supply,supply,return,supply,return
31.60,30.92,29.65,32.87,29.55,28.82,14.90,03.07.2023 03:20,return,return,return,supply,supply,return,supply
32.62,29.50,28.77,14.82,31.42,30.60,29.47,03.07.2023 03:50,supply,supply,return,supply,return,return,return
31.35,30.50,29.42,32.50,29.37,28.72,14.80,03.07.2023 04:05,return,return,return,supply,supply,return,supply
14.77,31.27,30.40,29.32,32.42,29.30,28.67,03.07.2023 04:20,supply,return,return,return,supply,supply,return
30.27,29.25,32.30,29.22,28.60,14.75,31.17,03.07.2023 04:35,return,return,supply,supply,return,supply,return
31.10,30.12,29.20,32.20,29.05,28.57,14.70,03.07.2023 04:50,return,return,return,supply,supply,return,supply
29.02,32.12,28.92,28.52,14.67,31.00,30.00,03.07.2023 05:05,return,supply,supply,return,supply,return,return
30.90,29.87,28.90,32.00,28.87,28.47,14.60,03.07.2023 05:20,return,return,return,supply,supply,return,supply
28.40,14.60,30.82,29.75,28.85,31.92,28.80,03.07.2023 05:35,return,supply,return,return,return,supply,supply
29.65,28.80,31.82,28.75,28.35,14.55,30.77,03.07.2023 05:50,return,return,supply,supply,return,supply,return
30.70,29.55,28.72,31.77,28.67,28.30,14.50,03.07.2023 06:05,return,return,return,supply,supply,return,supply
28.60,31.67,28.60,28.25,14.45,30.60,29.45,03.07.2023 06:20,return,supply,supply,return,supply,return,return
30.52,29.37,28.55,31.60,28.47,28.20,14.42,03.07.2023 06:35,return,return,return,supply,supply,return,supply
28.15,14.37,30.47,29.27,28.45,31.52,28.40,03.07.2023 06:50,return,supply,return,return,return,supply,supply
29.15,28.35,31.45,28.30,28.10,14.35,30.40,03.07.2023 07:05,return,return,supply,supply,return,supply,return
30.32,29.05,28.30,31.37,28.27,28.05,14.30,03.07.2023 07:20,return,return,return,supply,supply,return,supply
28.22,31.30,28.20,28.00,14.25,30.25,28.97,03.07.2023 07:35,return,supply,supply,return,supply,return,return
30.17,28.90,28.20,31.22,28.27,27.97,14.22,03.07.2023 07:50,return,return,return,supply,supply,return,supply
28.37,27.95,14.20,30.12,28.80,28.22,31.17,03.07.2023 08:05,supply,return,supply,return,return,return,supply
30.05,28.75,28.30,31.10,28.47,27.90,14.17,03.07.2023 08:20,return,return,return,supply,supply,return,supply
14.12,30.00,28.72,28.40,31.02,28.77,27.90,03.07.2023 08:35,supply,return,return,return,supply,supply,return
28.72,28.65,30.97,29.00,27.87,14.12,29.92,03.07.2023 08:50,return,return,supply,supply,return,supply,return
30.60,28.72,28.80,36.10,29.25,27.87,14.10,03.07.2023 09:05,return,return,return,supply,supply,return,supply
29.37,27.85,14.10,30.70,28.77,29.02,37.57,03.07.2023 09:20,supply,return,supply,return,return,return,supply
30.45,28.87,29.17,37.35,29.32,27.85,14.10,03.07.2023 09:35,return,return,return,supply,supply,return,supply
14.10,30.30,28.95,29.17,37.05,29.37,27.85,03.07.2023 09:50,supply,return,return,return,supply,supply,return
29.02,29.25,36.70,29.77,27.85,14.10,29.90,03.07.2023 10:05,return,return,supply,supply,return,supply,return
29.32,29.12,29.60,36.35,30.17,27.87,14.07,03.07.2023 10:20,return,return,return,supply,supply,return,supply
30.90,27.90,14.10,29.10,29.20,29.92,37.15,03.07.2023 10:35,supply,return,supply,return,return,return,supply
29.00,29.25,30.52,38.10,31.12,27.97,14.12,03.07.2023 10:50,return,return,return,supply,supply,return,supply
14.17,28.90,29.32,30.82,37.90,32.12,28.07,03.07.2023 11:05,supply,return,return,return,supply,supply,return
29.37,32.12,37.70,34.22,28.27,14.25,28.95,03.07.2023 11:20,return,return,supply,supply,return,supply,return
29.10,29.47,33.72,37.50,35.80,28.57,14.37,03.07.2023 11:35,return,return,return,supply,supply,return,supply
37.52,38.00,28.92,14.52,29.32,29.65,35.35,03.07.2023 11:50,supply,supply,return,supply,return,return,return
29.55,29.90,36.95,37.87,37.97,29.25,14.62,03.07.2023 12:05,return,return,return,supply,supply,return,supply
14.85,30.10,30.82,37.77,35.82,40.45,29.67,03.07.2023 12:35,supply,return,return,return,supply,supply,return
31.62,38.70,34.20,41.27,29.85,14.95,30.32,03.07.2023 12:50,return,return,supply,supply,return,supply,return
30.52,32.30,39.60,34.50,42.82,30.00,15.02,03.07.2023 13:05,return,return,return,supply,supply,return,supply
40.77,35.30,44.15,30.15,15.12,30.70,32.87,03.07.2023 13:20,return,supply,supply,return,supply,return,return
30.97,33.35,41.90,36.17,45.97,30.32,15.25,03.07.2023 13:35,return,return,return,supply,supply,return,supply
30.47,15.30,31.30,33.80,43.30,37.00,45.82,03.07.2023 13:50,return,supply,return,return,return,supply,supply
34.30,42.72,37.30,41.40,30.50,15.40,31.65,03.07.2023 14:05,return,return,supply,supply,return,supply,return
31.92,35.07,41.40,37.40,42.55,30.50,15.45,03.07.2023 14:20,return,return,return,supply,supply,return,supply
41.57,37.80,45.62,30.50,15.50,32.07,35.80,03.07.2023 14:35,return,supply,supply,return,supply,return,return
32.07,36.50,43.27,38.42,47.85,30.50,15.57,03.07.2023 14:50,return,return,return,supply,supply,return,supply
30.65,15.65,32.05,36.90,44.97,39.27,49.02,03.07.2023 15:05,return,supply,return,return,return,supply,supply
37.30,45.87,40.12,49.62,30.72,15.75,32.10,03.07.2023 15:20,return,return,supply,supply,return,supply,return
32.07,37.67,46.47,39.87,49.70,30.77,15.82,03.07.2023 15:35,return,return,return,supply,supply,return,supply
46.85,39.80,50.35,30.82,15.90,32.00,38.15,03.07.2023 15:50,return,supply,supply,return,supply,return,return
31.85,39.02,47.15,39.67,51.82,30.85,16.00,03.07.2023 16:05,return,return,return,supply,supply,return,supply
52.90,30.87,16.07,31.80,39.50,47.90,39.77,03.07.2023 16:20,supply,return,supply,return,return,return,supply
31.97,39.70,48.45,40.00,51.20,30.80,16.10,03.07.2023 16:35,return,return,return,supply,supply,return,supply
16.12,32.00,39.72,47.60,40.00,48.35,30.72,03.07.2023 16:50,supply,return,return,return,supply,supply,return
39.70,46.45,40.00,47.65,30.65,16.15,31.92,03.07.2023 17:05,return,return,supply,supply,return,supply,return
31.67,39.62,45.50,40.00,45.30,30.50,16.15,03.07.2023 17:20,return,return,return,supply,supply,return,supply
42.62,30.40,16.12,31.30,39.52,43.62,39.87,03.07.2023 17:35,supply,return,supply,return,return,return,supply
31.00,39.42,41.55,39.82,40.15,30.20,16.07,03.07.2023 17:50,return,return,return,supply,supply,return,supply
16.02,30.90,39.30,39.60,40.07,37.97,30.02,03.07.2023 18:05,supply,return,return,return,supply,supply,return
38.60,37.77,40.20,36.62,29.80,15.95,30.97,03.07.2023 18:20,return,return,supply,supply,return,supply,return
31.27,38.02,36.77,40.17,29.60,36.30,15.87,03.07.2023 18:35,return,return,return,supply,return,supply,supply
29.50,35.77,15.80,31.55,37.45,36.15,40.02,03.07.2023 18:50,return,supply,supply,return,return,return,supply
31.67,36.90,35.50,40.00,29.45,35.15,15.80,03.07.2023 19:05,return,return,return,supply,return,supply,supply
15.75,31.80,36.40,34.90,40.12,29.42,34.85,03.07.2023 19:20,supply,return,return,return,supply,return,supply
36.17,34.50,40.10,29.40,36.27,15.70,32.10,03.07.2023 19:35,return,return,supply,return,supply,supply,return
32.47,36.10,35.15,40.10,29.40,37.80,15.70,03.07.2023 19:50,return,return,return,supply,return,supply,supply
40.10,29.42,36.72,15.70,32.80,36.02,36.20,03.07.2023 20:05,supply,return,supply,supply,return,return,return
33.00,35.95,35.90,40.10,29.50,37.35,15.72,03.07.2023 20:20,return,return,return,supply,return,supply,supply
37.00,15.77,33.17,35.90,35.97,40.10,29.62,03.07.2023 20:35,supply,supply,return,return,return,supply,return
35.70,35.85,40.10,29.67,35.90,15.80,33.37,03.07.2023 20:50,return,return,supply,return,supply,supply,return
33.55,35.42,35.25,40.07,29.67,35.00,15.80,03.07.2023 21:05,return,return,return,supply,return,supply,supply
34.52,40.10,29.60,34.42,15.77,33.70,35.15,03.07.2023 21:20,return,supply,return,supply,supply,return,return
33.77,34.85,34.02,40.00,29.55,34.15,15.75,03.07.2023 21:35,return,return,return,supply,return,supply,supply
29.47,33.55,15.70,33.90,34.60,33.70,39.97,03.07.2023 21:50,return,supply,supply,return,return,return,supply
34.30,33.22,39.90,29.37,33.00,15.67,33.92,03.07.2023 22:05,return,return,supply,return,supply,supply,return
33.85,34.00,32.80,39.77,29.30,32.65,15.62,03.07.2023 22:20,return,return,return,supply,return,supply,supply
32.42,39.80,29.22,32.22,15.55,33.62,33.70,03.07.2023 22:35,return,supply,return,supply,supply,return,return
33.47,33.42,32.07,39.80,29.15,31.90,15.50,03.07.2023 22:50,return,return,return,supply,return,supply,supply
29.10,31.62,15.47,33.40,33.00,31.75,34.90,03.07.2023 23:05,return,supply,supply,return,return,return,supply
32.92,31.47,34.42,29.02,31.35,15.45,33.27,03.07.2023 23:20,return,return,supply,return,supply,supply,return
33.15,32.70,31.22,34.62,28.97,31.15,15.40,03.07.2023 23:35,return,return,return,supply,return,supply,supply
31.00,34.57,28.92,31.00,15.37,33.02,32.50,03.07.2023 23:50,return,supply,return,supply,supply,return,return
32.92,32.30,30.82,34.40,28.90,30.77,15.30,04.07.2023 00:05,return,return,return,supply,return,supply,supply
28.82,30.62,15.27,32.80,32.12,30.62,34.25,04.07.2023 00:20,return,supply,supply,return,return,return,supply
32.70,31.90,30.47,34.05,28.75,30.47,15.20,04.07.2023 00:35,return,return,return,supply,return,supply,supply
15.17,32.60,31.70,30.32,33.87,28.70,30.30,04.07.2023 00:50,supply,return,return,return,supply,return,supply
31.52,30.17,33.67,28.62,30.20,15.15,32.47,04.07.2023 01:05,return,return,supply,return,supply,supply,return
32.37,31.35,30.05,33.50,28.60,30.02,15.10,04.07.2023 01:20,return,return,return,supply,return,supply,supply
28.55,29.87,15.05,32.25,31.17,29.90,33.30,04.07.2023 01:35,return,supply,supply,return,return,return,supply
32.15,31.05,29.80,33.12,28.52,29.80,15.02,04.07.2023 01:50,return,return,return,supply,return,supply,supply
15.00,32.05,30.90,29.65,32.97,28.50,29.72,04.07.2023 02:05,supply,return,return,return,supply,return,supply
30.77,29.52,32.80,28.47,29.60,14.95,31.92,04.07.2023 02:20,return,return,supply,return,supply,supply,return
31.85,30.62,29.40,32.62,28.42,29.50,14.92,04.07.2023 02:35,return,return,return,supply,return,supply,supply
28.37,29.37,14.87,31.75,30.50,29.30,32.50,04.07.2023 02:50,return,supply,supply,return,return,return,supply
31.65,30.35,29.20,32.35,28.30,29.22,14.82,04.07.2023 03:05,return,return,return,supply,return,supply,supply
14.77,31.55,30.20,29.10,32.22,28.25,29.00,04.07.2023 03:20,supply,return,return,return,supply,return,supply
30.05,28.90,32.10,28.20,28.90,14.75,31.45,04.07.2023 03:35,return,return,supply,return,supply,supply,return
31.37,29.90,28.80,31.97,28.17,28.77,14.70,04.07.2023 03:50,return,return,return,supply,return,supply,supply
31.85,28.10,28.67,14.65,31.30,29.80,28.67,04.07.2023 04:05,supply,return,supply,supply,return,return,return
31.20,29.67,28.57,31.72,28.07,28.60,14.60,04.07.2023 04:20,return,return,return,supply,return,supply,supply
28.60,14.57,31.10,29.55,28.50,31.60,28.02,04.07.2023 04:35,supply,supply,return,return,return,supply,return
29.47,28.42,31.52,28.00,28.50,14.52,31.02,04.07.2023 04:50,return,return,supply,return,supply,supply,return
30.92,29.32,28.37,31.40,27.95,28.42,14.50,04.07.2023 05:05,return,return,return,supply,return,supply,supply
28.30,31.30,27.90,28.27,14.45,30.82,29.20,04.07.2023 05:20,return,supply,return,supply,supply,return,return
30.77,29.10,28.20,31.20,27.87,28.15,14.42,04.07.2023 05:35,return,return,return,supply,return,supply,supply
27.80,28.05,14.37,30.70,29.00,28.10,31.12,04.07.2023 05:50,return,supply,supply,return,return,return,supply
28.90,27.97,31.05,27.77,28.00,14.35,30.60,04.07.2023 06:05,return,return,supply,return,supply,supply,return
30.55,28.77,27.90,30.97,27.70,27.87,14.30,04.07.2023 06:20,return,return,return,supply,return,supply,supply
27.80,30.87,27.67,27.72,14.25,30.47,28.67,04.07.2023 06:35,return,supply,return,supply,supply,return,return
30.40,28.57,27.65,30.80,27.62,27.77,14.20,04.07.2023 06:50,return,return,return,supply,return,supply,supply
27.60,27.77,14.20,30.30,28.50,27.57,30.72,04.07.2023 07:05,return,supply,supply,return,return,return,supply
28.40,27.55,30.62,27.57,27.70,14.12,30.22,04.07.2023 07:20,return,return,supply,return,supply,supply,return
30.17,28.32,27.57,30.55,27.50,27.60,14.10,04.07.2023 07:35,return,return,return,supply,return,supply,supply
27.50,30.50,27.45,27.57,14.07,30.10,28.25,04.07.2023 07:50,return,supply,return,supply,supply,return,return
30.02,28.17,27.40,30.40,27.40,27.60,14.00,04.07.2023 08:05,return,return,return,supply,return,supply,supply
27.37,27.70,13.97,29.97,28.10,27.40,30.35,04.07.2023 08:20,return,supply,supply,return,return,return,supply
29.90,28.05,27.45,30.27,27.35,28.00,13.95,04.07.2023 08:35,return,return,return,supply,return,supply,supply
13.92,29.82,28.07,27.57,30.22,27.32,28.30,04.07.2023 08:50,supply,return,return,return,supply,return,supply
28.10,27.70,34.60,27.32,28.60,13.92,30.62,04.07.2023 09:05,return,return,supply,return,supply,supply,return
30.60,28.12,28.00,35.97,27.35,28.92,13.90,04.07.2023 09:20,return,return,return,supply,return,supply,supply
27.35,29.62,13.90,30.50,28.25,28.20,35.85,04.07.2023 09:35,return,supply,supply,return,return,return,supply
30.25,28.45,28.67,35.65,27.42,30.07,13.90,04.07.2023 09:50,return,return,return,supply,return,supply,supply
13.95,29.85,28.62,29.10,35.37,27.52,30.47,04.07.2023 10:05,supply,return,return,return,supply,return,supply
28.80,29.40,35.07,27.60,29.97,13.95,29.50,04.07.2023 10:20,return,return,supply,return,supply,supply,return
29.30,28.90,29.50,34.77,27.67,30.70,13.95,04.07.2023 10:35,return,return,return,supply,return,supply,supply
27.80,32.25,14.00,29.22,29.05,29.55,34.40,04.07.2023 10:50,return,supply,supply,return,return,return,supply
29.15,29.32,30.12,36.05,27.87,31.40,14.02,04.07.2023 11:05,return,return,return,supply,return,supply,supply
14.10,29.15,29.40,31.00,36.65,28.00,33.32,04.07.2023 11:20,supply,return,return,return,supply,return,supply
29.52,31.60,36.50,28.20,34.07,14.17,29.30,04.07.2023 11:35,return,return,supply,return,supply,supply,return
29.47,29.70,32.52,36.42,28.40,35.15,14.22,04.07.2023 11:50,return,return,return,supply,return,supply,supply
36.45,28.70,37.45,14.35,29.67,30.02,33.35,04.07.2023 12:05,supply,return,supply,supply,return,return,return
29.90,30.35,34.10,35.90,28.90,37.50,14.42,04.07.2023 12:20,return,return,return,supply,return,supply,supply
39.30,14.52,30.15,30.75,34.95,34.60,29.20,04.07.2023 12:35,supply,supply,return,return,return,supply,return
31.30,35.50,33.55,29.40,40.12,14.60,30.40,04.07.2023 12:50,return,return,supply,return,supply,supply,return
30.57,31.85,36.30,34.00,29.60,41.27,14.70,04.07.2023 13:05,return,return,return,supply,return,supply,supply
36.80,34.35,29.65,38.25,14.72,30.70,32.30,04.07.2023 13:20,return,supply,return,supply,supply,return,return
30.90,32.95,36.77,34.37,29.60,36.02,14.75,04.07.2023 13:35,return,return,return,supply,return,supply,supply
29.47,35.22,14.75,31.10,33.25,35.37,34.35,04.07.2023 13:50,return,supply,supply,return,return,return,supply
33.50,34.45,34.32,29.32,34.50,14.70,31.32,04.07.2023 14:05,return,return,supply,return,supply,supply,return
31.52,33.55,33.75,34.27,29.15,36.02,14.70,04.07.2023 14:20,return,return,return,supply,return,supply,supply
33.32,34.35,29.05,37.00,14.70,31.60,33.67,04.07.2023 14:35,return,supply,return,supply,supply,return,return
31.52,33.72,33.60,34.32,29.02,38.20,14.75,04.07.2023 14:50,return,return,return,supply,return,supply,supply
29.15,43.10,14.80,31.42,33.87,34.32,35.07,04.07.2023 15:05,return,supply,supply,return,return,return,supply
34.00,35.40,35.95,29.32,43.85,14.85,31.32,04.07.2023 15:20,return,return,supply,return,supply,supply,return
31.27,34.20,37.40,36.50,29.42,42.15,14.87,04.07.2023 15:35,return,return,return,supply,return,supply,supply
38.55,36.50,29.45,38.62,14.87,31.22,34.42,04.07.2023 15:50,return,supply,return,supply,supply,return,return
31.20,34.90,37.70,36.50,29.50,38.05,14.90,04.07.2023 16:05,return,return,return,supply,return,supply,supply
29.60,43.80,14.97,31.37,35.35,37.00,36.80,04.07.2023 16:20,return,supply,supply,return,return,return,supply
31.60,35.67,37.20,37.70,29.77,47.05,15.02,04.07.2023 16:35,return,return,return,supply,return,supply,supply
15.12,31.70,35.82,38.82,38.60,29.92,47.30,04.07.2023 16:50,supply,return,return,return,supply,return,supply
36.07,40.60,38.80,29.95,42.97,15.12,31.55,04.07.2023 17:05,return,return,supply,return,supply,supply,return
31.30,36.60,41.00,38.85,29.90,41.70,15.17,04.07.2023 17:20,return,return,return,supply,return,supply,supply
29.92,45.30,15.20,31.00,37.27,40.00,38.95,04.07.2023 17:35,return,supply,supply,return,return,return,supply
30.82,37.67,39.70,39.40,29.97,46.30,15.30,04.07.2023 17:50,return,return,return,supply,return,supply,supply
15.35,30.77,37.97,40.12,39.72,30.00,46.00,04.07.2023 18:05,supply,return,return,return,supply,return,supply
38.30,40.67,40.05,30.07,46.17,15.40,30.80,04.07.2023 18:20,return,return,supply,return,supply,supply,return
30.80,38.62,40.92,40.25,30.10,46.00,15.45,04.07.2023 18:35,return,return,return,supply,return,supply,supply
30.15,45.50,15.52,30.80,39.27,40.95,38.70,04.07.2023 18:50,return,supply,supply,return,return,return,supply
30.82,39.40,40.82,40.10,30.20,45.45,15.55,04.07.2023 19:05,return,return,return,supply,return,supply,supply
15.60,30.90,39.42,40.60,40.20,30.22,45.20,04.07.2023 19:20,supply,return,return,return,supply,return,supply
39.40,40.20,40.25,30.20,44.47,15.65,31.00,04.07.2023 19:35,return,return,supply,return,supply,supply,return
31.17,39.30,39.80,40.02,30.12,43.00,15.65,04.07.2023 19:50,return,return,return,supply,return,supply,supply
40.20,30.05,41.10,15.67,31.35,39.10,39.30,04.07.2023 20:05,supply,return,supply,supply,return,return,return
31.55,38.80,38.80,40.20,29.95,39.55,15.65,04.07.2023 20:20,return,return,return,supply,return,supply,supply
38.70,15.67,31.72,38.45,38.10,40.17,29.90,04.07.2023 20:35,supply,supply,return,return,return,supply,return
37.97,37.27,40.12,29.80,37.52,15.65,31.92,04.07.2023 20:50,return,return,supply,return,supply,supply,return
32.20,37.47,36.52,40.05,29.72,36.47,15.62,04.07.2023 21:05,return,return,return,supply,return,supply,supply
35.70,40.05,29.65,35.70,15.60,32.47,37.00,04.07.2023 21:20,return,supply,return,supply,supply,return,return
32.67,36.47,34.92,40.05,29.57,35.07,15.55,04.07.2023 21:35,return,return,return,supply,return,supply,supply
29.45,34.32,15.50,32.80,36.00,34.30,40.07,04.07.2023 21:50,return,supply,supply,return,return,return,supply
35.47,33.67,40.07,29.35,33.67,15.47,32.97,04.07.2023 22:05,return,return,supply,return,supply,supply,return
33.17,35.00,33.07,40.02,29.27,33.10,15.40,04.07.2023 22:20,return,return,return,supply,return,supply,supply
32.50,40.00,29.20,32.52,15.37,33.30,34.57,04.07.2023 22:35,return,supply,return,supply,supply,return,return
33.35,34.20,32.00,39.97,29.12,32.10,15.32,04.07.2023 22:50,return,return,return,supply,return,supply,supply
29.10,31.80,15.27,33.25,33.60,31.57,32.90,04.07.2023 23:05,return,supply,supply,return,return,return,supply
33.50,31.20,34.15,29.05,31.50,15.25,33.15,04.07.2023 23:20,return,return,supply,return,supply,supply,return
33.00,33.25,30.90,34.30,29.00,31.27,15.20,04.07.2023 23:35,return,return,return,supply,return,supply,supply
30.60,34.27,29.00,31.10,15.17,32.90,33.00,04.07.2023 23:50,return,supply,return,supply,supply,return,return
32.77,32.77,30.37,34.12,28.97,31.00,15.12,05.07.2023 00:05,return,return,return,supply,return,supply,supply
28.92,30.80,15.10,32.67,32.57,30.17,34.00,05.07.2023 00:20,return,supply,supply,return,return,return,supply
32.57,32.40,30.02,33.82,28.90,30.67,15.07,05.07.2023 00:35,return,return,return,supply,return,supply,supply
15.02,32.47,32.22,29.90,33.65,28.85,30.52,05.07.2023 00:50,supply,return,return,return,supply,return,supply
32.05,29.80,33.47,28.80,30.40,15.00,32.35,05.07.2023 01:05,return,return,supply,return,supply,supply,return
32.25,31.87,29.67,33.32,28.75,30.25,14.97,05.07.2023 01:20,return,return,return,supply,return,supply,supply
28.67,30.10,14.90,32.15,31.70,29.55,33.17,05.07.2023 01:35,return,supply,supply,return,return,return,supply
32.02,31.52,29.42,33.00,28.65,29.95,14.87,05.07.2023 01:50,return,return,return,supply,return,supply,supply
14.85,31.97,31.40,29.30,32.87,28.60,29.82,05.07.2023 02:05,supply,return,return,return,supply,return,supply
31.25,29.15,32.72,28.55,29.80,14.80,31.87,05.07.2023 02:20,return,return,supply,return,supply,supply,return
31.77,31.10,29.05,32.60,28.50,29.70,14.77,05.07.2023 02:35,return,return,return,supply,return,supply,supply
28.50,29.60,14.75,31.67,30.97,28.95,32.47,05.07.2023 02:50,return,supply,supply,return,return,return,supply
30.85,28.87,32.35,28.45,29.50,14.70,31.57,05.07.2023 03:05,return,return,supply,return,supply,supply,return
14.67,31.50,30.72,28.77,32.22,28.40,29.40,05.07.2023 03:20,supply,return,return,return,supply,return,supply
30.57,28.67,32.15,28.35,29.25,14.65,31.40,05.07.2023 03:35,return,return,supply,return,supply,supply,return
31.30,30.45,28.57,32.02,28.30,29.15,14.60,05.07.2023 03:50,return,return,return,supply,return,supply,supply
31.92,28.27,29.00,14.57,31.22,30.30,28.47,05.07.2023 04:05,supply,return,supply,supply,return,return,return
30.12,28.32,31.82,28.22,28.80,14.55,31.15,05.07.2023 04:20,return,return,supply,return,supply,supply,return
28.65,14.52,31.07,30.00,28.20,31.75,28.20,05.07.2023 04:35,supply,supply,return,return,return,supply,return
29.82,28.10,31.65,28.12,28.50,14.47,31.00,05.07.2023 04:50,return,return,supply,return,supply,supply,return
30.90,29.72,28.00,31.57,28.07,28.40,14.45,05.07.2023 05:05,return,return,return,supply,return,supply,supply
27.85,31.47,28.02,28.27,14.40,30.82,29.60,05.07.2023 05:20,return,supply,return,supply,supply,return,return
29.47,27.75,31.40,28.00,28.25,14.37,30.77,05.07.2023 05:35,return,return,supply,return,supply,supply,return
27.95,28.12,14.35,30.67,29.37,27.60,31.32,05.07.2023 05:50,return,supply,supply,return,return,return,supply
29.22,27.50,31.27,27.90,28.07,14.32,30.60,05.07.2023 06:05,return,return,supply,return,supply,supply,return
30.52,29.12,27.40,31.20,27.87,28.00,14.30,05.07.2023 06:20,return,return,return,supply,return,supply,supply
27.32,31.12,27.80,27.95,14.22,30.47,29.02,05.07.2023 06:35,return,supply,return,supply,supply,return,return
28.90,27.25,31.05,27.70,27.87,14.20,30.40,05.07.2023 06:50,return,return,supply,return,supply,supply,return
27.70,27.80,14.12,30.32,28.80,27.20,31.00,05.07.2023 07:05,return,supply,supply,return,return,return,supply
28.70,27.12,30.92,27.65,27.65,14.10,30.27,05.07.2023 07:20,return,return,supply,return,supply,supply,return
30.20,28.60,27.07,30.82,27.62,27.60,14.10,05.07.2023 07:35,return,return,return,supply,return,supply,supply
27.00,30.77,27.60,27.57,14.05,30.12,28.50,05.07.2023 07:50,return,supply,return,supply,supply,return,return
28.42,26.92,30.70,27.55,27.50,14.02,30.05,05.07.2023 08:05,return,return,supply,return,supply,supply,return
27.52,27.42,14.00,30.00,28.37,26.82,30.67,05.07.2023 08:20,return,supply,supply,return,return,return,supply
28.30,26.72,30.60,27.50,27.40,14.00,29.92,05.07.2023 08:35,return,return,supply,return,supply,supply,return
13.95,29.90,28.25,26.62,30.52,27.50,27.40,05.07.2023 08:50,supply,return,return,return,supply,return,supply
28.25,26.62,35.07,27.50,27.77,13.97,30.60,05.07.2023 09:05,return,return,supply,return,supply,supply,return
30.57,28.30,26.65,36.32,27.50,28.25,13.95,05.07.2023 09:20,return,return,return,supply,return,supply,supply
27.50,28.72,13.95,30.50,28.40,26.70,36.17,05.07.2023 09:35,return,supply,supply,return,return,return,supply
28.52,26.80,35.87,27.50,28.92,13.92,30.40,05.07.2023 09:50,return,return,supply,return,supply,supply,return
13.92,30.10,28.70,26.97,35.52,27.50,29.50,05.07.2023 10:05,supply,return,return,return,supply,return,supply
28.80,27.20,35.17,27.50,29.67,13.92,29.67,05.07.2023 10:20,return,return,supply,return,supply,supply,return
29.50,28.97,27.40,34.80,27.52,30.20,13.92,05.07.2023 10:35,return,return,return,supply,return,supply,supply
27.65,30.65,13.95,29.37,29.15,27.57,34.47,05.07.2023 10:50,return,supply,supply,return,return,return,supply
29.25,27.90,36.55,27.85,31.60,14.00,29.27,05.07.2023 11:05,return,return,supply,return,supply,supply,return
14.05,29.30,29.42,28.20,36.70,28.00,32.30,05.07.2023 11:20,supply,return,return,return,supply,return,supply
29.67,28.42,36.22,28.10,32.17,14.10,29.47,05.07.2023 11:35,return,return,supply,return,supply,supply,return
29.70,29.77,28.62,35.65,28.02,31.10,14.10,05.07.2023 11:50,return,return,return,supply,return,supply,supply
35.72,27.87,29.97,14.02,29.97,29.90,28.70,05.07.2023 12:05,supply,return,supply,supply,return,return,return
29.80,28.62,35.40,27.75,29.50,14.00,30.27,05.07.2023 12:20,return,return,supply,return,supply,supply,return
28.90,13.92,30.52,29.60,28.40,34.52,27.60,05.07.2023 12:35,supply,supply,return,return,return,supply,return
29.45,27.70,33.45,27.45,28.57,13.82,30.72,05.07.2023 12:50,return,return,supply,return,supply,supply,return
30.90,29.45,27.30,31.52,27.35,28.37,13.77,05.07.2023 13:05,return,return,return,supply,return,supply,supply
27.02,30.82,27.30,28.77,13.70,31.00,29.45,05.07.2023 13:20,return,supply,return,supply,supply,return,return
29.50,26.85,30.52,27.25,29.55,13.67,31.20,05.07.2023 13:35,return,return,supply,return,supply,supply,return
27.22,29.72,13.62,31.45,29.60,26.70,30.40,05.07.2023 13:50,return,supply,supply,return,return,return,supply
29.62,26.60,30.30,27.17,29.65,13.60,31.67,05.07.2023 14:05,return,return,supply,return,supply,supply,return
31.80,29.65,26.62,30.20,27.22,29.70,13.60,05.07.2023 14:20,return,return,return,supply,return,supply,supply
26.77,30.77,27.30,32.12,13.60,31.77,29.75,05.07.2023 14:35,return,supply,return,supply,supply,return,return
30.02,27.00,31.32,27.47,34.35,13.65,31.62,05.07.2023 14:50,return,return,supply,return,supply,supply,return
27.62,35.40,13.70,31.52,30.50,27.25,32.00,05.07.2023 15:05,return,supply,supply,return,return,return,supply
30.90,27.52,32.40,27.77,36.30,13.77,31.45,05.07.2023 15:20,return,return,supply,return,supply,supply,return
31.45,31.20,27.75,32.55,27.87,36.82,13.80,05.07.2023 15:35,return,return,return,supply,return,supply,supply
28.12,32.67,27.92,35.92,13.85,31.60,31.55,05.07.2023 15:50,return,supply,return,supply,supply,return,return
31.82,28.60,32.67,27.97,35.30,13.87,31.72,05.07.2023 16:05,return,return,supply,return,supply,supply,return
27.97,34.25,13.87,31.80,32.15,29.00,32.62,05.07.2023 16:20,return,supply,supply,return,return,return,supply
32.47,29.40,32.65,27.97,33.65,13.90,31.85,05.07.2023 16:35,return,return,supply,return,supply,supply,return
13.90,31.82,32.65,29.67,32.85,28.02,33.57,05.07.2023 16:50,supply,return,return,return,supply,return,supply
32.75,29.80,33.10,28.07,34.82,13.95,31.62,05.07.2023 17:05,return,return,supply,return,supply,supply,return
31.30,32.87,29.87,33.25,28.15,35.37,13.95,05.07.2023 17:20,return,return,return,supply,return,supply,supply
28.22,35.30,14.00,30.77,32.95,29.82,33.47,05.07.2023 17:35,return,supply,supply,return,return,return,supply
33.05,29.80,33.60,28.27,35.60,14.00,30.32,05.07.2023 17:50,return,return,supply,return,supply,supply,return
14.00,29.97,33.20,29.70,34.22,28.32,35.60,05.07.2023 18:05,supply,return,return,return,supply,return,supply
33.40,29.60,34.80,28.37,36.70,14.00,29.70,05.07.2023 18:20,return,return,supply,return,supply,supply,return
29.45,33.50,29.60,35.07,28.40,38.10,14.00,05.07.2023 18:35,return,return,return,supply,return,supply,supply
28.45,38.22,14.02,29.32,33.72,29.57,35.50,05.07.2023 18:50,return,supply,supply,return,return,return,supply
33.72,29.50,35.50,28.47,38.50,14.05,29.32,05.07.2023 19:05,return,return,supply,return,supply,supply,return
14.02,29.40,34.52,29.50,35.57,28.40,38.40,05.07.2023 19:20,supply,return,return,return,supply,return,supply
34.62,29.50,35.52,28.37,37.05,14.00,29.50,05.07.2023 19:35,return,return,supply,return,supply,supply,return
29.65,34.47,29.55,35.50,28.35,35.75,14.00,05.07.2023 19:50,return,return,return,supply,return,supply,supply
35.50,28.30,34.65,14.02,29.87,34.50,29.60,05.07.2023 20:05,supply,return,supply,supply,return,return,return
34.40,29.60,35.50,28.30,34.12,14.00,30.05,05.07.2023 20:20,return,return,supply,return,supply,supply,return
34.12,14.00,30.17,34.20,29.60,35.50,28.27,05.07.2023 20:35,supply,supply,return,return,return,supply,return
33.90,29.45,35.50,28.20,33.87,14.00,30.27,05.07.2023 20:50,return,return,supply,return,supply,supply,return
30.35,33.52,29.32,35.52,28.15,33.60,13.92,05.07.2023 21:05,return,return,return,supply,return,supply,supply
29.17,35.50,28.07,33.22,13.90,30.42,33.25,05.07.2023 21:20,return,supply,return,supply,supply,return,return
32.90,29.00,35.50,28.00,32.62,13.87,30.50,05.07.2023 21:35,return,return,supply,return,supply,supply,return
27.92,32.00,13.82,30.55,32.55,28.80,35.47,05.07.2023 21:50,return,supply,supply,return,return,return,supply
32.22,28.60,35.47,27.85,31.57,13.77,30.60,05.07.2023 22:05,return,return,supply,return,supply,supply,return
30.70,31.92,28.40,35.42,27.80,31.20,13.77,05.07.2023 22:20,return,return,return,supply,return,supply,supply
28.20,35.40,27.72,30.77,13.72,30.82,31.67,05.07.2023 22:35,return,supply,return,supply,supply,return,return
31.45,28.05,35.32,27.67,30.40,13.70,30.95,05.07.2023 22:50,return,return,supply,return,supply,supply,return
27.65,30.02,13.70,30.92,31.12,27.90,30.35,05.07.2023 23:05,return,supply,supply,return,return,return,supply
31.02,27.75,31.42,27.60,29.70,13.62,30.87,05.07.2023 23:20,return,return,supply,return,supply,supply,return
30.80,30.82,27.55,31.55,27.60,29.30,13.60,05.07.2023 23:35,return,return,return,supply,return,supply,supply
27.40,31.50,27.55,28.92,13.60,30.70,30.65,05.07.2023 23:50,return,supply,return,supply,supply,return,return
30.50,27.20,31.42,27.50,28.62,13.55,30.62,06.07.2023 00:05,return,return,supply,return,supply,supply,return
27.50,28.32,13.52,30.55,30.32,27.02,31.35,06.07.2023 00:20,return,supply,supply,return,return,return,supply
30.15,27.45,31.22,27.47,28.50,13.50,30.50,06.07.2023 00:35,return,return,supply,return,supply,supply,return
13.47,30.42,30.10,27.27,31.12,27.42,28.05,06.07.2023 00:50,supply,return,return,return,supply,return,supply
30.02,27.05,31.00,27.40,27.62,13.45,30.35,06.07.2023 01:05,return,return,supply,return,supply,supply,return
30.30,30.00,26.87,30.90,27.37,27.30,13.42,06.07.2023 01:20,return,return,return,supply,return,supply,supply
27.32,27.00,13.40,30.20,29.92,26.70,30.77,06.07.2023 01:35,return,supply,supply,return,return,return,supply
29.87,26.50,30.65,27.30,26.65,13.37,30.15,06.07.2023 01:50,return,return,supply,return,supply,supply,return
13.32,30.10,29.80,26.32,30.55,27.22,26.37,06.07.2023 02:05,supply,return,return,return,supply,return,supply
29.77,26.20,30.47,27.20,26.10,13.32,30.02,06.07.2023 02:20,return,return,supply,return,supply,supply,return
29.95,29.70,26.00,30.37,27.17,25.87,13.27,06.07.2023 02:35,return,return,return,supply,return,supply,supply
27.10,25.65,13.25,29.90,29.65,25.90,30.27,06.07.2023 02:50,return,supply,supply,return,return,return,supply
29.60,25.75,30.17,27.07,25.47,13.20,29.82,06.07.2023 03:05,return,return,supply,return,supply,supply,return
13.20,29.80,29.52,25.65,30.10,27.00,25.30,06.07.2023 03:20,supply,return,return,return,supply,return,supply
29.47,25.55,30.00,26.95,25.15,13.15,29.72,06.07.2023 03:35,return,return,supply,return,supply,supply,return
29.67,29.42,25.42,29.92,26.90,25.00,13.10,06.07.2023 03:50,return,return,return,supply,return,supply,supply
29.85,26.85,24.85,13.10,29.60,29.37,25.35,06.07.2023 04:05,supply,return,supply,supply,return,return,return
29.32,25.25,29.80,26.82,24.72,13.05,29.52,06.07.2023 04:20,return,return,supply,return,supply,supply,return
24.60,13.02,29.50,29.27,25.15,29.70,26.77,06.07.2023 04:35,supply,supply,return,return,return,supply,return
29.22,25.10,29.60,26.72,24.52,13.00,29.42,06.07.2023 04:50,return,return,supply,return,supply,supply,return
29.40,29.17,25.00,29.55,26.70,24.45,12.97,06.07.2023 05:05,return,return,return,supply,return,supply,supply
24.92,29.47,26.65,24.37,12.95,29.32,29.12,06.07.2023 05:20,return,supply,return,supply,supply,return,return
29.10,24.85,29.42,26.60,24.27,12.90,29.30,06.07.2023 05:35,return,return,supply,return,supply,supply,return
26.52,24.20,12.87,29.22,29.02,24.77,29.35,06.07.2023 05:50,return,supply,supply,return,return,return,supply
29.00,24.70,29.27,26.42,24.10,12.80,29.15,06.07.2023 06:05,return,return,supply,return,supply,supply,return
29.15,28.95,24.65,29.22,26.37,24.02,12.75,06.07.2023 06:20,return,return,return,supply,return,supply,supply
24.57,29.17,26.35,23.95,12.72,29.10,28.90,06.07.2023 06:35,return,supply,return,supply,supply,return,return
28.82,24.52,29.10,26.27,23.90,12.70,29.00,06.07.2023 06:50,return,return,supply,return,supply,supply,return
26.22,23.80,12.62,29.00,28.80,24.45,29.05,06.07.2023 07:05,return,supply,supply,return,return,return,supply
28.75,24.40,29.00,26.20,23.77,12.60,28.92,06.07.2023 07:20,return,return,supply,return,supply,supply,return
28.90,28.70,24.37,28.95,26.15,23.72,12.60,06.07.2023 07:35,return,return,return,supply,return,supply,supply
24.30,28.90,26.10,23.67,12.52,28.82,28.67,06.07.2023 07:50,return,supply,return,supply,supply,return,return
28.60,24.27,28.87,26.05,23.62,12.50,28.80,06.07.2023 08:05,return,return,supply,return,supply,supply,return
26.00,23.60,12.47,28.75,28.57,24.22,28.80,06.07.2023 08:20,return,supply,supply,return,return,return,supply
28.52,24.20,28.75,25.95,23.60,12.42,28.70,06.07.2023 08:35,return,return,supply,return,supply,supply,return
12.42,28.67,28.50,24.20,28.70,25.95,23.62,06.07.2023 08:50,supply,return,return,return,supply,return,supply
28.45,24.20,32.22,25.92,23.67,12.40,29.50,06.07.2023 09:05,return,return,supply,return,supply,supply,return
29.50,28.40,24.25,33.55,25.97,23.72,12.40,06.07.2023 09:20,return,return,return,supply,return,supply,supply
26.00,24.62,12.42,29.32,29.77,24.10,33.62,06.07.2023 09:35,return,supply,supply,return,return,return,supply
29.70,24.22,33.70,26.05,32.40,12.45,29.05,06.07.2023 09:50,return,return,supply,return,supply,supply,return
12.50,28.90,30.00,33.70,29.85,26.22,34.12,06.07.2023 10:05,supply,return,return,supply,return,return,supply
30.07,33.67,33.10,26.50,33.55,12.60,28.65,06.07.2023 10:20,return,supply,return,return,supply,supply,return
28.50,30.12,33.60,33.40,26.77,34.05,12.70,06.07.2023 10:35,return,return,supply,return,return,supply,supply
34.10,27.07,34.70,12.82,28.52,30.40,33.50,06.07.2023 10:50,return,return,supply,supply,return,return,supply
30.62,33.42,35.00,27.32,35.45,12.90,28.50,06.07.2023 11:05,return,supply,return,return,supply,supply,return
13.00,28.50,30.97,33.30,35.87,27.62,36.30,06.07.2023 11:20,supply,return,return,supply,return,return,supply
31.20,32.52,37.20,27.97,38.00,13.12,28.60,06.07.2023 11:35,return,supply,return,return,supply,supply,return
28.75,31.47,32.75,38.37,28.27,39.05,13.25,06.07.2023 11:50,return,return,supply,return,return,supply,supply
33.22,39.52,28.62,40.05,13.40,28.90,31.70,06.07.2023 12:05,supply,return,return,supply,supply,return,return
32.02,33.77,40.02,28.87,40.62,13.50,29.02,06.07.2023 12:20,return,supply,return,return,supply,supply,return
41.25,13.62,29.20,32.37,34.32,40.92,29.15,06.07.2023 12:35,supply,supply,return,return,supply,return,return
32.70,34.85,41.65,29.37,43.07,13.72,29.32,06.07.2023 12:50,return,supply,return,return,supply,supply,return
29.45,33.12,35.47,42.82,29.57,44.27,13.82,06.07.2023 13:05,return,return,supply,return,return,supply,supply
36.10,44.00,29.77,45.50,13.97,29.55,33.60,06.07.2023 13:20,supply,return,return,supply,supply,return,return
34.10,36.75,44.97,29.95,46.45,14.10,29.65,06.07.2023 13:35,return,supply,return,return,supply,supply,return
30.10,47.35,14.20,29.80,34.60,37.35,45.85,06.07.2023 13:50,return,supply,supply,return,return,supply,return
35.15,38.10,46.70,30.20,48.47,14.30,30.02,06.07.2023 14:05,return,supply,return,return,supply,supply,return
30.27,35.75,38.85,47.52,30.30,47.90,14.42,06.07.2023 14:20,return,return,supply,return,return,supply,supply
39.37,47.47,30.35,49.55,14.55,30.45,36.42,06.07.2023 14:35,supply,return,return,supply,supply,return,return
37.10,40.30,48.97,30.45,50.30,14.65,30.50,06.07.2023 14:50,return,supply,return,return,supply,supply,return
30.52,47.00,14.72,30.47,37.90,39.75,47.42,06.07.2023 15:05,return,supply,supply,return,return,supply,return
38.50,39.87,47.00,30.50,48.32,14.80,30.40,06.07.2023 15:20,return,supply,return,return,supply,supply,return
30.35,38.90,39.92,47.95,30.52,50.80,14.90,06.07.2023 15:35,return,return,supply,return,return,supply,supply
40.20,50.97,30.60,57.92,14.97,30.32,39.35,06.07.2023 15:50,supply,return,return,supply,supply,return,return
39.55,40.20,54.12,30.67,57.40,15.05,30.30,06.07.2023 16:05,return,supply,return,return,supply,supply,return
30.70,59.95,15.17,30.27,39.50,40.17,55.97,06.07.2023 16:20,return,supply,supply,return,return,supply,return
39.40,40.17,57.22,30.72,60.77,15.25,30.30,06.07.2023 16:35,return,supply,return,return,supply,supply,return
15.35,30.30,39.30,40.17,58.02,30.70,61.30,06.07.2023 16:50,supply,return,return,supply,return,return,supply
39.22,39.97,58.30,30.70,60.25,15.42,30.32,06.07.2023 17:05,return,supply,return,return,supply,supply,return
30.40,39.20,40.00,56.22,30.70,56.50,15.50,06.07.2023 17:20,return,return,supply,return,return,supply,supply
53.37,30.72,52.82,15.60,30.60,39.22,40.07,06.07.2023 17:35,return,return,supply,supply,return,return,supply
39.40,39.90,50.75,30.60,50.37,15.62,30.90,06.07.2023 17:50,return,supply,return,return,supply,supply,return
15.62,31.17,39.47,39.90,48.42,30.52,48.00,06.07.2023 18:05,supply,return,return,supply,return,return,supply
39.45,39.92,46.07,30.45,44.80,15.67,31.42,06.07.2023 18:20,return,supply,return,return,supply,supply,return
31.60,39.37,39.92,43.55,30.37,42.32,15.70,06.07.2023 18:35,return,return,supply,return,return,supply,supply
41.17,30.27,40.12,15.70,31.75,39.05,40.05,06.07.2023 18:50,return,return,supply,supply,return,return,supply
38.62,40.12,39.55,30.17,38.67,15.70,31.85,06.07.2023 19:05,return,supply,return,return,supply,supply,return
15.65,32.07,38.30,40.42,38.40,30.07,37.52,06.07.2023 19:20,supply,return,return,supply,return,return,supply
38.02,40.10,37.67,30.00,36.72,15.62,32.40,06.07.2023 19:35,return,supply,return,return,supply,supply,return
32.65,37.80,40.10,36.95,29.90,35.90,15.60,06.07.2023 19:50,return,return,supply,return,return,supply,supply
40.10,36.30,29.80,35.00,15.55,32.90,37.60,06.07.2023 20:05,supply,return,return,supply,supply,return,return
37.37,40.10,35.50,29.70,34.10,15.50,33.10,06.07.2023 20:20,return,supply,return,return,supply,supply,return
33.42,15.47,33.30,37.12,40.17,34.90,29.60,06.07.2023 20:35,supply,supply,return,return,supply,return,return
36.90,40.00,34.27,29.50,32.70,15.42,33.45,06.07.2023 20:50,return,supply,return,return,supply,supply,return
33.57,36.70,40.07,33.67,29.45,32.00,15.40,06.07.2023 21:05,return,return,supply,return,return,supply,supply
40.05,33.17,29.37,31.10,15.30,33.67,36.47,06.07.2023 21:20,supply,return,return,supply,supply,return,return
36.27,40.12,32.55,29.30,30.27,15.25,33.77,06.07.2023 21:35,return,supply,return,return,supply,supply,return
29.20,29.70,15.20,33.75,36.07,40.22,31.92,06.07.2023 21:50,return,supply,supply,return,return,supply,return
35.87,40.15,31.47,29.12,29.30,15.12,33.67,06.07.2023 22:05,return,supply,return,return,supply,supply,return
33.67,35.67,40.20,31.02,29.07,29.00,15.10,06.07.2023 22:20,return,return,supply,return,return,supply,supply
40.20,30.67,29.00,28.72,15.02,33.60,35.47,06.07.2023 22:35,supply,return,return,supply,supply,return,return
35.30,40.27,30.40,28.97,28.50,14.97,33.55,06.07.2023 22:50,return,supply,return,return,supply,supply,return
28.90,28.25,14.92,33.47,35.10,35.17,30.10,06.07.2023 23:05,return,supply,supply,return,return,supply,return
34.92,35.45,29.85,28.82,28.05,14.87,33.35,06.07.2023 23:20,return,supply,return,return,supply,supply,return
33.22,34.72,35.42,29.60,28.70,27.87,14.80,06.07.2023 23:35,return,return,supply,return,return,supply,supply
35.27,29.40,28.62,27.70,14.77,33.10,34.57,06.07.2023 23:50,supply,return,return,supply,supply,return,return
34.40,35.05,29.20,28.57,27.52,14.70,32.95,07.07.2023 00:05,return,supply,return,return,supply,supply,return
28.55,27.32,14.70,32.82,34.25,34.82,29.02,07.07.2023 00:20,return,supply,supply,return,return,supply,return
34.07,34.57,28.85,28.50,27.20,14.67,32.70,07.07.2023 00:35,return,supply,return,return,supply,supply,return
14.62,32.60,33.90,34.32,28.70,28.47,27.00,07.07.2023 00:50,supply,return,return,supply,return,return,supply
33.75,34.10,28.55,28.45,26.90,14.60,32.47,07.07.2023 01:05,return,supply,return,return,supply,supply,return
32.37,33.62,33.87,28.37,28.40,26.72,14.57,07.07.2023 01:20,return,return,supply,return,return,supply,supply
28.20,28.37,26.60,14.52,32.25,33.47,33.67,07.07.2023 01:35,return,return,supply,supply,return,return,supply
33.32,33.50,28.05,28.30,26.42,14.50,32.12,07.07.2023 01:50,return,supply,return,return,supply,supply,return
14.47,32.02,33.17,33.30,27.92,28.25,26.27,07.07.2023 02:05,supply,return,return,supply,return,return,supply
33.05,33.10,27.77,28.20,26.17,14.42,31.92,07.07.2023 02:20,return,supply,return,return,supply,supply,return
31.80,32.90,32.95,27.62,28.15,26.00,14.40,07.07.2023 02:35,return,return,supply,return,return,supply,supply
27.50,28.10,25.90,14.37,31.70,32.77,32.77,07.07.2023 02:50,return,return,supply,supply,return,return,supply
32.65,32.65,27.40,28.02,25.80,14.32,31.60,07.07.2023 03:05,return,supply,return,return,supply,supply,return
14.27,31.52,32.50,32.50,27.27,27.95,25.70,07.07.2023 03:20,supply,return,return,supply,return,return,supply
32.40,32.35,27.12,27.87,25.57,14.22,31.40,07.07.2023 03:35,return,supply,return,return,supply,supply,return
31.32,32.27,32.20,27.00,27.80,25.47,14.17,07.07.2023 03:50,return,return,supply,return,return,supply,supply
32.07,26.85,27.72,25.35,14.10,31.25,32.15,07.07.2023 04:05,supply,return,return,supply,supply,return,return
32.02,31.95,26.75,27.67,25.25,14.07,31.15,07.07.2023 04:20,return,supply,return,return,supply,supply,return
25.15,14.02,31.07,31.92,31.82,26.65,27.65,07.07.2023 04:35,supply,supply,return,return,supply,return,return
31.82,31.72,26.55,27.60,25.05,14.00,30.97,07.07.2023 04:50,return,supply,return,return,supply,supply,return
30.90,31.70,31.60,26.47,27.57,24.97,13.95,07.07.2023 05:05,return,return,supply,return,return,supply,supply
31.52,26.37,27.50,24.90,13.92,30.82,31.60,07.07.2023 05:20,supply,return,return,supply,supply,return,return
31.50,31.40,26.27,27.50,24.80,13.90,30.75,07.07.2023 05:35,return,supply,return,return,supply,supply,return
27.40,24.72,13.87,30.67,31.40,31.35,26.20,07.07.2023 05:50,return,supply,supply,return,return,supply,return
31.27,31.22,26.10,27.37,24.65,13.82,30.57,07.07.2023 06:05,return,supply,return,return,supply,supply,return
30.50,31.20,31.17,26.00,27.32,24.55,13.77,07.07.2023 06:20,return,return,supply,return,return,supply,supply
31.10,25.92,27.30,24.47,13.77,30.42,31.10,07.07.2023 06:35,supply,return,return,supply,supply,return,return
31.00,31.02,25.85,27.25,24.42,13.70,30.37,07.07.2023 06:50,return,supply,return,return,supply,supply,return
27.17,24.35,13.67,30.30,30.90,30.97,25.75,07.07.2023 07:05,return,supply,supply,return,return,supply,return
30.82,30.90,25.70,27.10,24.27,13.60,30.22,07.07.2023 07:20,return,supply,return,return,supply,supply,return
30.15,30.72,30.85,25.65,27.07,24.22,13.57,07.07.2023 07:35,return,return,supply,return,return,supply,supply
30.80,25.55,27.02,24.17,13.52,30.10,30.62,07.07.2023 07:50,supply,return,return,supply,supply,return,return
30.55,30.75,25.50,26.95,24.12,13.47,30.02,07.07.2023 08:05,return,supply,return,return,supply,supply,return
26.92,24.10,13.42,29.95,30.47,30.70,25.45,07.07.2023 08:20,return,supply,supply,return,return,supply,return
30.40,30.62,25.40,26.90,24.10,13.42,29.90,07.07.2023 08:35,return,supply,return,return,supply,supply,return
13.40,29.80,30.30,30.60,25.37,26.90,24.12,07.07.2023 08:50,supply,return,return,supply,return,return,supply
30.20,36.92,25.35,26.90,24.17,13.37,30.65,07.07.2023 09:05,return,supply,return,return,supply,supply,return
30.65,30.15,38.67,25.35,26.90,24.22,13.37,07.07.2023 09:20,return,return,supply,return,return,supply,supply
25.47,26.92,24.30,13.37,30.50,30.07,38.80,07.07.2023 09:35,return,return,supply,supply,return,return,supply
30.00,38.82,25.65,27.00,24.42,13.40,30.40,07.07.2023 09:50,return,supply,return,return,supply,supply,return
13.42,29.97,33.67,38.82,24.90,27.10,25.70,07.07.2023 10:05,supply,return,return,supply,return,return,supply
34.50,38.82,24.92,27.20,36.20,13.42,29.65,07.07.2023 10:20,return,supply,return,return,supply,supply,return
29.37,35.80,38.85,35.40,27.35,36.82,13.50,07.07.2023 10:35,return,return,supply,return,return,supply,supply
36.60,27.52,37.70,13.57,29.25,36.05,38.82,07.07.2023 10:50,return,return,supply,supply,return,return,supply
36.07,38.80,37.70,27.70,38.60,13.67,29.12,07.07.2023 11:05,return,supply,return,return,supply,supply,return
13.77,29.12,36.07,38.72,38.52,27.90,39.47,07.07.2023 11:20,supply,return,return,supply,return,return,supply
36.07,38.65,39.42,28.17,40.10,13.82,29.20,07.07.2023 11:35,return,supply,return,return,supply,supply,return
29.40,36.10,38.75,40.80,28.50,41.07,13.95,07.07.2023 11:50,return,return,supply,return,return,supply,supply
38.72,41.32,28.77,42.47,14.02,29.60,36.17,07.07.2023 12:05,supply,return,return,supply,supply,return,return
36.30,38.70,41.30,28.95,42.85,14.12,29.80,07.07.2023 12:20,return,supply,return,return,supply,supply,return
44.17,14.20,30.02,36.50,38.70,42.70,29.15,07.07.2023 12:35,supply,supply,return,return,supply,return,return
36.80,38.50,45.35,29.35,46.20,14.30,30.27,07.07.2023 12:50,return,supply,return,return,supply,supply,return
30.50,37.07,38.60,43.30,29.42,45.27,14.35,07.07.2023 13:05,return,return,supply,return,return,supply,supply
38.67,44.20,29.50,46.55,14.40,30.70,37.22,07.07.2023 13:20,supply,return,return,supply,supply,return,return
37.40,39.07,45.07,29.60,46.47,14.47,30.90,07.07.2023 13:35,return,supply,return,return,supply,supply,return
29.77,47.22,14.55,31.20,37.80,39.40,45.97,07.07.2023 13:50,return,supply,supply,return,return,supply,return
38.22,39.80,46.47,29.90,49.12,14.60,31.60,07.07.2023 14:05,return,supply,return,return,supply,supply,return
32.02,38.62,40.27,45.02,30.00,46.70,14.70,07.07.2023 14:20,return,return,supply,return,return,supply,supply
39.77,46.35,30.05,46.25,14.75,32.30,39.00,07.07.2023 14:35,supply,return,return,supply,supply,return,return
39.47,39.85,45.00,30.02,46.70,14.80,32.52,07.07.2023 14:50,return,supply,return,return,supply,supply,return
30.00,45.20,14.80,32.67,39.70,39.90,44.40,07.07.2023 15:05,return,supply,supply,return,return,supply,return
39.70,40.20,42.55,29.90,41.77,14.85,32.82,07.07.2023 15:20,return,supply,return,return,supply,supply,return
32.90,39.67,39.72,40.60,29.82,39.47,14.87,07.07.2023 15:35,return,return,supply,return,return,supply,supply
39.62,37.95,29.70,37.05,14.87,32.97,39.57,07.07.2023 15:50,supply,return,return,supply,supply,return,return
39.52,39.67,36.20,29.55,35.62,14.87,33.02,07.07.2023 16:05,return,supply,return,return,supply,supply,return
29.47,35.10,14.87,33.07,39.45,39.80,35.65,07.07.2023 16:20,return,supply,supply,return,return,supply,return
38.75,40.20,35.10,29.37,36.05,14.85,33.15,07.07.2023 16:35,return,supply,return,return,supply,supply,return
14.85,33.15,38.52,40.20,38.30,29.32,42.70,07.07.2023 16:50,supply,return,return,supply,return,return,supply
38.47,40.17,44.07,29.37,47.37,14.87,32.97,07.07.2023 17:05,return,supply,return,return,supply,supply,return
32.70,38.50,40.10,44.90,29.47,48.67,14.92,07.07.2023 17:20,return,return,supply,return,return,supply,supply
47.32,29.60,49.37,14.97,32.45,38.47,40.27,07.07.2023 17:35,return,return,supply,supply,return,return,supply
